Date,USD_rate,Inflation_rate,gold_price_USD,gold_price_NPR,interest_rate,festivals/weeding,nepse_index
11/13/2025,141.87,0.0417,4171.46,243541,0.06,0,2559.01
11/12/2025,141.815,0.0417,4198.73,245038,0.06,0,2569.52
11/11/2025,141.715,0.0417,4126.68,240664,0.06,0,2569.99
11/10/2025,141.925,0.0417,4115.9,240391,0.06,0,2576.85
11/7/2025,141.865,0.0417,3999.72,233506,0.06,0,2599.27
11/6/2025,141.79,0.0417,3977.87,232108,0.06,0,2622.44
11/5/2025,141.855,0.0417,3982.62,232492,0.06,0,2612.53
11/4/2025,141.855,0.0417,3932.05,229539,0.06,0,2627.56
11/3/2025,142.05,0.0417,4001.67,233925,0.06,0,2650.61
10/31/2025,142.03,0.0417,4002.28,233928,0.06,0,2638.12
10/30/2025,141.92,0.0417,4024.47,235042,0.06,0,2605.5
10/29/2025,141.12,0.0417,3930.38,228253,0.06,0,2602.98
10/28/2025,141.23,0.0417,3952.58,229721,0.06,0,2576.41
10/27/2025,141.2,0.0417,3981.59,231358,0.06,0,2509.08
10/24/2025,140.77,0.0417,4112.1,238214,0.06,0,2580.325
10/23/2025,140.77,0.0417,4126.17,239029,0.06,2,2580.325
10/22/2025,140.77,0.0417,4094.07,237170,0.06,2,2580.325
10/21/2025,140.77,0.0417,4125.1,238967,0.06,2,2580.325
10/20/2025,140.77,0.0417,4356.5,252372,0.06,2,2507.12
10/17/2025,140.77,0.0417,4249.98,246202,0.06,0,2580.325
10/16/2025,140.52,0.0417,4326.18,250171,0.06,0,2522.59
10/15/2025,140.93,0.0417,4208.58,244080,0.06,0,2528.59
10/14/2025,142.085,0.0417,4142.31,242206,0.06,0,2553.57
10/13/2025,141.88,0.0417,4110.7,240011,0.06,0,2547.81
10/10/2025,141.905,0.0417,4018.3,234657,0.06,0,2584.24
10/9/2025,142.06,0.0417,3976.29,232458,0.06,0,2677.09
10/8/2025,142.085,0.0417,4038.9,236159,0.06,0,2610.31
10/7/2025,142.045,0.0417,3983.82,232873,0.06,0,2664.99
10/6/2025,142.055,0.0417,3961.09,231561,0.06,0,2580.325
10/3/2025,142.045,0.0417,3886.83,227204,0.06,0,2580.325
10/2/2025,141.91,0.0417,3856.53,225218,0.06,0,2580.325
10/1/2025,141.91,0.0417,3865.8,225760,0.06,3,2580.325
9/30/2025,142.07,0.0187,3858.51,225588,0.06,3,2711.84
9/29/2025,142.025,0.0187,3833.93,224080,0.06,3,2671.68
9/26/2025,141.955,0.0187,3760.24,219665,0.06,3,2711.84
9/25/2025,141.87,0.0187,3749.37,218898,0.06,3,2661.42
9/24/2025,141.91,0.0187,3736.29,218196,0.06,3,2689.67
9/23/2025,142.015,0.0187,3764.19,219988,0.06,3,2682.28
9/22/2025,141.3,0.0187,3746.47,217850,0.06,3,2711.84
9/19/2025,140.95,0.0187,3684.98,213744,0.06,0,2634.55
9/18/2025,141.01,0.0187,3644.36,211478,0.06,0,2637.97
9/17/2025,140.51,0.0187,3660.04,211635,0.06,0,2711.84
9/16/2025,140.89,0.0187,3689.8,213932,0.06,0,2712.84
9/15/2025,141.145,0.0187,3679.13,213700,0.06,0,2713.84
9/12/2025,141.25,0.0187,3643.13,211766,0.06,0,2714.84
9/11/2025,141.515,0.0187,3634.09,211637,0.06,0,2715.84
9/10/2025,140.97,0.0187,3640.74,211208,0.06,0,2716.84
9/9/2025,140.97,0.0187,3626.48,210381,0.06,0,2717.84
9/8/2025,141.23,0.0187,3635.84,211313,0.06,0,2711.84
9/5/2025,141.23,0.0187,3586.81,208463,0.06,0,2727.47
9/4/2025,141.04,0.0187,3546.17,205824,0.06,0,2732.75
9/3/2025,140.92,0.0187,3559.43,206418,0.06,0,2749.88
9/2/2025,141.055,0.0187,3533.73,205124,0.06,0,2791.67
9/1/2025,141.12,0.0187,3476.47,201893,0.06,0,2773.69
8/29/2025,141.12,0.0168,3448.0,200239,0.06,0,2784.56
8/28/2025,140.21,0.0168,3417.2,197171,0.06,0,2824.85
8/27/2025,140.295,0.0168,3397.42,196149,0.06,0,2822.79
8/26/2025,140.295,0.0168,3392.88,195886,0.06,0,2775.09
8/25/2025,140.135,0.0168,3366.79,194158,0.06,0,2764.95
8/22/2025,140.055,0.0168,3372.11,194354,0.06,0,2770.8
8/21/2025,139.64,0.0168,3338.81,191865,0.06,0,2775.34
8/20/2025,139.31,0.0168,3347.11,191887,0.06,0,2783.02
8/19/2025,139.13,0.0168,3315.46,189827,0.06,0,2796.88
8/18/2025,139.77,0.0168,3330.55,191568,0.06,0,2779.68
8/15/2025,140.09,0.0168,3335.39,192286,0.06,0,2803.25
8/14/2025,140.09,0.0168,3336.5,192350,0.06,0,2802.14
8/13/2025,139.91,0.0168,3354.73,193152,0.06,0,2813.59
8/12/2025,140.35,0.0168,3346.2,193267,0.06,0,2828.57
8/11/2025,140.265,0.0168,3344.83,193071,0.06,0,2875.45
8/8/2025,140.265,0.0168,3398.78,196185,0.06,0,2803.25
8/7/2025,140.33,0.0168,3397.31,196191,0.06,0,2861.34
8/6/2025,140.38,0.0168,3369.04,194628,0.06,0,2856.63
8/5/2025,140.49,0.0168,3381.27,195487,0.06,0,2906.24
8/4/2025,140.255,0.0168,3373.37,194705,0.06,0,2890.05
8/1/2025,140.07,0.0168,3362.88,193843,0.06,0,2923.88
7/31/2025,140.16,0.022,3290.32,189782,0.06,0,2967.03
7/30/2025,139.88,0.022,3275.25,188536,0.06,0,3020.17
7/29/2025,138.91,0.022,3326.84,190178,0.06,0,3028.79
7/28/2025,138.67,0.022,3314.64,189153,0.06,0,2976.92
7/25/2025,138.43,0.022,3337.18,190109,0.06,0,3013.17
7/24/2025,138.255,0.022,3368.15,191631,0.06,0,2990.45
7/23/2025,138.26,0.022,3387.78,192755,0.06,0,2992.26
7/22/2025,138.195,0.022,3431.5,195151,0.06,0,2975.77
7/21/2025,138.075,0.022,3395.8,192953,0.06,0,2902.94
7/18/2025,137.845,0.022,3350.4,190056,0.06,0,2922.84
7/17/2025,137.73,0.022,3338.95,189248,0.06,0,2878.77
7/16/2025,137.51,0.022,3346.58,189378,0.06,0,2803.78
7/15/2025,137.305,0.022,3322.63,187742,0.06,0,2763.27
7/14/2025,137.585,0.022,3343.8,189324,0.06,0,2765.91
7/11/2025,137.29,0.022,3355.91,189602,0.06,0,2798.75
7/10/2025,137.025,0.022,3323.07,187384,0.06,0,2743.09
7/9/2025,137.085,0.022,3313.72,186939,0.06,0,2707.91
7/8/2025,137.12,0.022,3300.7,186252,0.06,0,2690.13
7/7/2025,137.37,0.022,3335.61,188565,0.06,0,2718.1
7/4/2025,136.635,0.022,3336.64,187614,0.06,0,2721.58
7/3/2025,136.505,0.022,3326.57,186870,0.06,0,2716.93
7/2/2025,137.13,0.022,3357.36,189463,0.06,0,2696.13
7/1/2025,136.84,0.022,3339.21,188040,0.06,0,2663.24
6/30/2025,137.215,0.0272,3303.69,186550,0.065,0,2638.72
6/27/2025,136.77,0.0272,3274.25,184288,0.065,0,2626.21
6/26/2025,137.135,0.0272,3328.06,187816,0.065,0,2617.65
6/25/2025,137.73,0.0272,3332.46,188881,0.065,0,2607.71
6/24/2025,137.57,0.0272,3324.2,188193,0.065,0,2629.26
6/23/2025,138.81,0.0272,3368.88,192442,0.065,0,2608.56
6/20/2025,138.545,0.0272,3368.23,192038,0.065,0,2631.82
6/19/2025,138.765,0.0272,3370.75,192486,0.065,0,2661.33
6/18/2025,138.37,0.0272,3369.09,191844,0.065,0,2662.69
6/17/2025,137.99,0.0272,3388.74,192433,0.065,0,2670.25
6/16/2025,137.71,0.0272,3383.2,191729,0.065,0,2679.74
6/13/2025,137.735,0.0272,3432.64,194566,0.065,0,2667.68
6/12/2025,136.97,0.0272,3385.29,190816,0.065,0,2672.42
6/11/2025,136.825,0.0272,3353.84,188843,0.065,0,2686.45
6/10/2025,136.97,0.0272,3323.02,187306,0.065,0,2683.25
6/9/2025,137.0,0.0272,3328.33,187647,0.065,0,2657.34
6/6/2025,137.01,0.0272,3310.17,186636,0.065,0,2645.22
6/5/2025,137.27,0.0272,3354.16,189476,0.065,0,2661.77
6/4/2025,137.45,0.0272,3376.54,190990,0.065,0,2664.59
6/3/2025,136.95,0.0272,3352.25,188926,0.065,0,2699.28
6/2/2025,136.62,0.0272,3380.21,190043,0.065,0,2726.6
5/30/2025,136.93,0.0277,3289.4,185357,0.065,0,2696.78
5/29/2025,136.82,0.0277,3317.02,186763,0.065,0,2678.915
5/28/2025,136.585,0.0277,3289.76,184910,0.065,0,2678.915
5/27/2025,136.535,0.0277,3300.68,185456,0.065,0,2684.77
5/26/2025,136.145,0.0277,3342.94,187294,0.065,0,2745.89
5/23/2025,136.35,0.0277,3357.42,188389,0.065,0,2703.78
5/22/2025,137.61,0.0277,3295.0,186595,0.065,0,2705.56
5/21/2025,137.03,0.0277,3314.99,186935,0.065,0,2771.47
5/20/2025,137.025,0.0277,3290.12,185526,0.065,0,2681.58
5/19/2025,136.65,0.0277,3229.85,181629,0.065,0,2639.69
5/16/2025,136.815,0.0277,3202.77,180324,0.065,0,2625.26
5/15/2025,136.89,0.0277,3240.87,182569,0.065,0,2628.67
5/14/2025,136.44,0.0277,3178.75,178481,0.065,0,2642.96
5/13/2025,136.535,0.0277,3248.47,182523,0.065,0,2669.28
5/12/2025,136.6,0.0277,3234.7,181835,0.065,0,2678.915
5/9/2025,136.6,0.0277,3324.63,186891,0.065,0,2692.5
5/8/2025,137.145,0.0277,3305.52,186558,0.065,0,2687.38
5/7/2025,135.73,0.0277,3365.21,187967,0.065,0,2676.25
5/6/2025,135.1,0.0277,3430.21,190708,0.065,0,2625.7
5/5/2025,134.81,0.0277,3334.5,184989,0.065,0,2630.36
5/2/2025,135.335,0.0277,3240.88,180496,0.065,0,2645.67
5/1/2025,135.19,0.0277,3241.0,180309,0.065,0,2678.915
4/30/2025,135.19,0.0339,3288.59,182957,0.065,0,2642.07
4/29/2025,136.43,0.0339,3317.18,186240,0.065,0,2666.54
4/28/2025,136.055,0.0339,3341.67,187099,0.065,0,2676.05
4/25/2025,136.73,0.0339,3319.45,186777,0.065,0,2684.51
4/24/2025,136.425,0.0339,3349.1,188025,0.065,0,2668.06
4/23/2025,136.68,0.0339,3288.26,184954,0.065,0,2687.68
4/22/2025,136.31,0.0339,3382.54,189742,0.065,0,2707.86
4/21/2025,136.2,0.0339,3424.3,191930,0.065,0,2716.7
4/18/2025,136.59,0.0339,3236.21,181907,0.065,0,2731.81
4/17/2025,136.59,0.0339,3327.54,187041,0.065,0,2740.13
4/16/2025,137.08,0.0339,3343.22,188596,0.065,0,2704.97
4/15/2025,137.24,0.0339,3227.6,182286,0.065,0,2704.58
4/14/2025,137.66,0.0339,3209.28,181806,0.065,0,2701.12
4/11/2025,137.66,0.0339,3236.21,183332,0.065,0,2676.7
4/10/2025,138.7,0.0339,3173.92,181162,0.065,0,2687.92
4/9/2025,138.7,0.0339,3082.18,175925,0.065,0,2701.12
4/8/2025,138.02,0.0339,2983.78,169474,0.065,0,2674.88
4/7/2025,137.34,0.0339,2982.54,168569,0.065,0,2710.13
4/4/2025,136.38,0.0339,3037.36,170467,0.065,0,2701.58
4/3/2025,136.69,0.0339,3112.83,175100,0.065,0,2732.85
4/2/2025,136.8,0.0339,3133.57,176408,0.065,0,2712.25
4/1/2025,136.75,0.0339,3110.55,175048,0.065,0,2696.5
3/31/2025,136.75,0.0375,3123.05,175752,0.065,0,2718.95
3/28/2025,136.75,0.0375,3084.03,173556,0.065,0,2736.03
3/27/2025,137.25,0.0375,3056.1,172613,0.065,0,2665.17
3/26/2025,137.13,0.0375,3019.29,170385,0.065,0,2625.6
3/25/2025,137.21,0.0375,3019.85,170516,0.065,0,2652.87
3/24/2025,137.02,0.0375,3012.27,169852,0.065,0,2645.99
3/21/2025,137.56,0.0375,3023.63,171165,0.065,0,2669.0
3/20/2025,138.19,0.0375,3044.41,173130,0.065,0,2685.87
3/19/2025,138.31,0.0375,3047.18,173438,0.065,0,2706.16
3/18/2025,138.51,0.0375,3033.95,172935,0.065,0,2723.89
3/17/2025,138.88,0.0375,3001.47,171541,0.065,0,2732.51
3/14/2025,139.2,0.0375,2984.42,170959,0.065,0,2739.55
3/13/2025,139.2,0.0375,2987.75,171150,0.065,0,2736.03
3/12/2025,139.53,0.0375,2932.06,168358,0.065,0,2745.58
3/11/2025,139.54,0.0375,2916.04,167450,0.065,0,2762.25
3/10/2025,139.73,0.0375,2889.4,166146,0.065,0,2791.03
3/7/2025,139.0,0.0375,2910.79,166502,0.065,0,2819.92
3/6/2025,139.38,0.0375,2909.99,166911,0.065,0,2834.07
3/5/2025,139.13,0.0375,2918.84,167119,0.065,0,2850.16
3/4/2025,139.62,0.0375,2917.49,167630,0.065,0,2894.62
3/3/2025,139.79,0.0375,2893.71,166466,0.065,0,2929.21
2/28/2025,139.99,0.0416,2858.6,164681,0.065,0,2890.28
2/27/2025,139.52,0.0416,2876.19,165138,0.065,0,2827.15
2/26/2025,139.54,0.0416,2916.19,167459,0.065,0,2741.575
2/25/2025,139.54,0.0416,2915.12,167397,0.065,0,2781.95
2/24/2025,138.71,0.0416,2951.19,168461,0.065,0,2785.1
2/21/2025,138.74,0.0416,2936.03,167632,0.065,0,2768.9
2/20/2025,138.66,0.0416,2938.7,167687,0.065,0,2752.35
2/19/2025,139.12,0.0416,2932.64,167897,0.065,0,2741.575
2/18/2025,139.12,0.0416,2935.58,168065,0.065,0,2757.3
2/17/2025,139.0,0.0416,2897.66,165751,0.065,0,2738.0
2/14/2025,138.92,0.0416,2883.18,164828,0.065,0,2698.31
2/13/2025,139.04,0.0416,2929.03,167594,0.065,0,2697.34
2/12/2025,139.03,0.0416,2903.66,166130,0.065,0,2697.41
2/11/2025,138.92,0.0416,2898.34,165694,0.065,0,2691.91
2/10/2025,139.96,0.0416,2907.34,167453,0.065,0,2699.79
2/7/2025,139.88,0.0416,2860.39,164655,0.065,0,2725.95
2/6/2025,140.12,0.0416,2856.5,164713,0.065,0,2720.48
2/5/2025,139.94,0.0416,2865.09,164996,0.065,0,2726.07
2/4/2025,139.31,0.0416,2841.94,162926,0.065,0,2745.15
2/3/2025,139.5,0.0416,2813.49,161515,0.065,0,2764.17
1/31/2025,138.57,0.0514,2801.0,159726,0.065,0,2727.58
1/30/2025,138.6,0.0514,2793.88,159355,0.065,0,2645.72
1/29/2025,138.46,0.0514,2757.71,157133,0.065,0,2645.72
1/28/2025,138.44,0.0514,2763.11,157418,0.065,0,2657.96
1/27/2025,138.15,0.0514,2741.1,155837,0.065,0,2650.71
1/24/2025,137.93,0.0514,2771.3,157303,0.065,0,2662.36
1/23/2025,138.33,0.0514,2753.69,156756,0.065,0,2681.49
1/22/2025,138.12,0.0514,2755.02,156594,0.065,0,2667.23
1/21/2025,138.52,0.0514,2744.39,156442,0.065,0,2618.99
1/20/2025,138.51,0.0514,2708.06,154359,0.065,0,2623.61
1/17/2025,138.58,0.0514,2701.55,154066,0.065,0,2604.01
1/16/2025,138.48,0.0514,2713.77,154651,0.065,0,2616.97
1/15/2025,138.18,0.0514,2695.82,153296,0.065,0,2611.38
1/14/2025,138.61,0.0514,2677.16,152708,0.065,1,2615.55
1/13/2025,138.52,0.0514,2662.12,151752,0.065,1,2654.82
1/10/2025,137.54,0.0514,2689.63,152235,0.065,1,2645.72
1/9/2025,137.36,0.0514,2670.19,150937,0.065,1,2656.61
1/8/2025,137.35,0.0514,2662.06,150467,0.065,1,2672.14
1/7/2025,137.14,0.0514,2649.49,149527,0.065,1,2656.52
1/6/2025,137.32,0.0514,2635.33,148923,0.065,1,2640.73
1/3/2025,137.23,0.0514,2639.12,149040,0.065,1,2592.91
1/2/2025,137.2,0.0514,2657.16,150026,0.065,1,2586.23
1/1/2025,137.03,0.0514,2704.81,152527,0.065,1,2589.42
12/31/2024,136.98,0.0605,2623.81,147905,0.065,1,2613.66
12/30/2024,136.86,0.0605,2605.39,146738,0.065,1,2641.17
12/27/2024,136.85,0.0605,2620.0,147550,0.065,1,2684.32
12/26/2024,136.42,0.0605,2634.43,147897,0.065,1,2639.08
12/25/2024,136.32,0.0605,2634.43,147788,0.065,1,2641.17
12/24/2024,136.32,0.0605,2613.2,146597,0.065,1,2645.2
12/23/2024,136.19,0.0605,2612.93,146442,0.065,1,2612.2
12/20/2024,136.02,0.0605,2620.77,146698,0.065,1,2614.28
12/19/2024,136.11,0.0605,2593.85,145288,0.065,1,2634.57
12/18/2024,135.92,0.0605,2587.63,144737,0.065,1,2656.08
12/17/2024,135.83,0.0605,2645.54,147878,0.065,1,2648.55
12/16/2024,135.78,0.0605,2652.5,148213,0.065,1,2684.32
12/13/2024,135.66,0.0605,2648.39,147852,0.065,1,2641.17
12/12/2024,135.48,0.0605,2681.33,149492,0.065,1,2730.31
12/11/2024,135.73,0.0605,2717.93,151813,0.065,1,2715.71
12/10/2024,135.76,0.0605,2693.64,150489,0.065,1,2694.85
12/9/2024,135.57,0.0605,2658.78,148334,0.065,1,2709.58
12/6/2024,135.5,0.0605,2632.91,146815,0.065,1,2735.67
12/5/2024,135.57,0.0605,2632.05,146842,0.065,1,2764.29
12/4/2024,135.58,0.0605,2649.79,147843,0.065,1,2795.78
12/3/2024,135.5,0.0605,2643.44,147402,0.065,1,2793.03
12/2/2024,135.51,0.0605,2638.93,147161,0.065,1,2773.47
11/29/2024,135.17,0.056,2653.55,147605,0.065,1,2764.85
11/28/2024,135.18,0.056,2640.96,146916,0.065,1,2774.14
11/27/2024,135.12,0.056,2635.51,146547,0.065,1,2755.98
11/26/2024,134.92,0.056,2631.89,146129,0.065,1,2719.84
11/25/2024,134.86,0.056,2625.26,145697,0.065,0,2694.67
11/22/2024,135.11,0.056,2712.55,150820,0.065,0,2698.76
11/21/2024,135.19,0.056,2669.69,148525,0.065,0,2722.59
11/20/2024,135.06,0.056,2650.05,147290,0.065,0,2713.93
11/19/2024,135.06,0.056,2631.68,146269,0.065,0,2759.54
11/18/2024,135.02,0.056,2612.2,145144,0.065,0,2788.12
11/15/2024,135.03,0.056,2561.24,142323,0.065,0,2762.51
11/14/2024,135.03,0.056,2566.19,142598,0.065,0,2757.38
11/13/2024,135.0,0.056,2573.78,142988,0.065,0,2788.35
11/12/2024,135.03,0.056,2597.27,144325,0.065,0,2782.43
11/11/2024,135.03,0.056,2620.2,145599,0.065,0,2738.12
11/8/2024,135.0,0.056,2683.77,149098,0.065,0,2684.81
11/7/2024,135.0,0.056,2706.99,150388,0.065,0,2696.85
11/6/2024,134.85,0.056,2659.24,147571,0.065,0,2755.98
11/5/2024,134.57,0.056,2743.59,151936,0.065,0,2755.98
11/4/2024,134.58,0.056,2736.39,151549,0.065,0,2755.98
11/1/2024,134.52,0.056,2735.16,151413,0.065,2,2755.98
10/31/2024,134.52,0.0482,2743.8,151891,0.065,2,2684.66
10/30/2024,134.53,0.0482,2786.19,154249,0.065,2,2705.24
10/29/2024,134.52,0.0482,2775.13,153626,0.065,0,2692.11
10/28/2024,134.5,0.0482,2741.98,151768,0.065,0,2647.23
10/25/2024,134.55,0.0482,2747.69,152141,0.065,0,2632.94
10/24/2024,134.52,0.0482,2735.7,151443,0.065,0,2650.18
10/23/2024,134.53,0.0482,2717.54,150449,0.065,0,2684.66
10/22/2024,134.52,0.0482,2748.38,152145,0.065,0,2669.38
10/21/2024,134.52,0.0482,2719.65,150554,0.065,0,2700.82
10/18/2024,134.5,0.0482,2720.25,150565,0.065,0,2748.78
10/17/2024,134.51,0.0482,2692.55,149043,0.065,0,2780.97
10/16/2024,134.39,0.0482,2673.24,147842,0.065,0,2748.8
10/15/2024,134.46,0.0482,2660.99,147241,0.065,0,2700.23
10/14/2024,134.5,0.0482,2651.05,146735,0.065,0,2684.66
10/11/2024,134.5,0.0482,2656.0,147009,0.065,3,2684.66
10/10/2024,134.35,0.0482,2629.48,145379,0.065,3,2684.66
10/9/2024,134.34,0.0482,2607.77,144168,0.065,3,2672.65
10/8/2024,134.34,0.0482,2621.94,144951,0.065,3,2699.55
10/7/2024,134.36,0.0482,2643.58,146169,0.065,3,2707.16
10/4/2024,134.36,0.0482,2652.25,146649,0.065,3,2653.63
10/3/2024,134.35,0.0482,2655.9,146840,0.065,3,2643.76
10/2/2024,134.334,0.0482,2657.75,146924,0.065,0,2623.56
10/1/2024,134.11,0.0482,2662.82,146959,0.065,0,2508.86
9/30/2024,134.07,0.0386,2634.49,145352,0.065,0,2494.57
9/27/2024,133.92,0.0386,2657.97,146484,0.065,0,2688.26
9/26/2024,133.83,0.0386,2670.2,147059,0.065,0,2541.69
9/25/2024,133.75,0.0386,2656.82,146234,0.065,0,2519.97
9/24/2024,133.87,0.0386,2656.7,146359,0.065,0,2547.47
9/23/2024,133.68,0.0386,2628.4,144594,0.065,0,2608.43
9/20/2024,133.7,0.0386,2621.96,144262,0.065,0,2643.51
9/19/2024,133.89,0.0386,2586.48,142512,0.065,0,2688.26
9/18/2024,134.016,0.0386,2558.8,141119,0.065,0,2606.04
9/17/2024,134.0,0.0386,2569.52,141694,0.065,0,2688.26
9/16/2024,134.22,0.0386,2582.58,142648,0.065,0,2637.53
9/13/2024,134.22,0.0386,2576.5,142312,0.065,0,2734.58
9/12/2024,134.34,0.0386,2558.75,141458,0.065,0,2688.52
9/11/2024,134.36,0.0386,2511.44,138863,0.065,0,2651.19
9/10/2024,134.36,0.0386,2516.12,139122,0.065,0,2688.26
9/9/2024,134.33,0.0386,2505.25,138490,0.065,0,2706.54
9/6/2024,134.32,0.0386,2497.03,138025,0.065,0,2760.45
9/5/2024,134.37,0.0386,2516.32,139143,0.065,0,2758.92
9/4/2024,134.34,0.0386,2494.19,137889,0.065,0,2860.39
9/3/2024,134.35,0.0386,2492.76,137820,0.065,0,2860.43
9/2/2024,134.27,0.0386,2499.29,138099,0.065,0,2823.7
8/30/2024,134.18,0.0409,2503.03,138213,0.065,0,2781.75
8/29/2024,134.19,0.0409,2521.18,139225,0.065,0,2800.28
8/28/2024,134.32,0.0409,2502.25,138314,0.065,0,2860.89
8/27/2024,134.28,0.0409,2524.57,139506,0.065,0,2902.75
8/26/2024,134.24,0.0409,2516.89,139040,0.065,0,2990.04
8/23/2024,134.22,0.0409,2512.07,138753,0.065,0,2881.855
8/22/2024,134.32,0.0409,2483.29,137266,0.065,0,3018.93
8/21/2024,134.28,0.0409,2511.95,138808,0.065,0,3002.74
8/20/2024,134.07,0.0409,2513.74,138690,0.065,0,3048.15
8/19/2024,134.19,0.0409,2503.92,138272,0.065,0,2881.855
8/16/2024,134.3,0.0409,2507.28,138571,0.065,0,2881.855
8/15/2024,134.783,0.0409,2456.1,136231,0.065,0,3036.64
8/14/2024,134.32,0.0409,2447.64,135295,0.065,0,2959.19
8/13/2024,134.35,0.0409,2465.03,136287,0.065,0,2971.69
8/12/2024,134.36,0.0409,2472.25,136696,0.065,0,2937.4
8/9/2024,134.33,0.0409,2430.93,134381,0.065,0,2860.96
8/8/2024,134.34,0.0409,2426.75,134160,0.065,0,2811.15
8/7/2024,134.33,0.0409,2381.53,131651,0.065,0,2759.67
8/6/2024,134.32,0.0409,2389.37,132074,0.065,0,2815.94
8/5/2024,134.15,0.0409,2407.65,132916,0.065,0,2806.69
8/2/2024,134.0,0.0409,2443.29,134733,0.065,0,2881.855
8/1/2024,133.95,0.0409,2445.42,134800,0.065,0,2805.57
7/31/2024,133.95,0.0357,2448.1,134948,0.065,0,2791.02
7/30/2024,133.96,0.0357,2408.43,132771,0.065,0,2709.89
7/29/2024,133.96,0.0357,2383.54,131399,0.065,0,2737.68
7/26/2024,133.96,0.0357,2385.57,131511,0.065,0,2708.58
7/25/2024,133.92,0.0357,2364.5,130310,0.065,0,2572.88
7/24/2024,133.95,0.0357,2397.59,132163,0.065,0,2600.41
7/23/2024,133.9,0.0357,2409.21,132754,0.065,0,2563.45
7/22/2024,133.85,0.0357,2397.65,132068,0.065,0,2504.53
7/19/2024,133.86,0.0357,2400.79,132251,0.065,0,2494.71
7/18/2024,133.84,0.0357,2444.97,134665,0.065,0,2459.94
7/17/2024,133.622,0.0357,2458.38,135183,0.065,0,2364.76
7/16/2024,133.73,0.0357,2468.57,135853,0.065,0,2310.84
7/15/2024,133.75,0.0357,2422.07,133314,0.065,0,2287.15
7/12/2024,133.66,0.0357,2411.27,132630,0.065,0,2290.95
7/11/2024,133.7,0.0357,2414.78,132863,0.065,0,2205.15
7/10/2024,133.63,0.0357,2371.07,130389,0.065,0,2176.48
7/9/2024,133.58,0.0357,2363.58,129929,0.065,0,2152.14
7/8/2024,133.59,0.0357,2358.8,129676,0.065,0,2149.17
7/5/2024,133.58,0.0357,2391.46,131461,0.065,0,2146.81
7/4/2024,133.59,0.0357,2356.12,129528,0.065,0,2129.08
7/3/2024,133.65,0.0357,2356.06,129583,0.065,0,2104.22
7/2/2024,133.61,0.0357,2329.28,128072,0.065,0,2162.49
7/1/2024,133.5,0.0357,2331.7,128100,0.065,0,2053.38
6/28/2024,133.41,0.0417,2325.71,127684,0.065,0,2059.28
6/27/2024,133.54,0.0417,2327.45,127904,0.065,0,2059.74
6/26/2024,133.71,0.0417,2297.91,126442,0.065,0,2077.11
6/25/2024,133.49,0.0417,2319.01,127393,0.065,0,2077.22
6/24/2024,133.54,0.0417,2332.93,128206,0.065,0,2079.19
6/21/2024,133.65,0.0417,2320.34,127619,0.065,0,2079.15
6/20/2024,133.84,0.0417,2359.63,129964,0.065,0,2095.13
6/19/2024,133.53,0.0417,2327.48,127896,0.065,0,2086.65
6/18/2024,133.46,0.0417,2328.33,127876,0.065,0,2098.59
6/17/2024,133.622,0.0417,2318.87,127511,0.065,0,2116.03
6/14/2024,133.69,0.0417,2332.52,128327,0.065,0,2090.12
6/13/2024,133.67,0.0417,2303.19,126694,0.065,0,2126.61
6/12/2024,133.67,0.0417,2322.55,127759,0.065,0,2133.73
6/11/2024,133.7,0.0417,2316.27,127443,0.065,0,2115.24
6/10/2024,133.61,0.0417,2310.6,127045,0.065,0,2088.77
6/7/2024,133.4,0.0417,2292.71,125863,0.065,0,2093.71
6/6/2024,133.56,0.0417,2375.61,130571,0.065,0,2088.61
6/5/2024,133.39,0.0417,2354.78,129261,0.065,0,2091.47
6/4/2024,133.65,0.0417,2327.68,128022,0.065,0,2092.28
6/3/2024,133.03,0.0417,2350.35,128670,0.065,0,2095.67
5/31/2024,133.54,0.044,2326.97,127878,0.07,0,2085.87
5/30/2024,133.31,0.044,2343.0,128537,0.07,0,2099.87
5/29/2024,133.35,0.044,2338.77,128344,0.07,0,2152.85
5/28/2024,133.08,0.044,2360.95,129298,0.07,0,2124.31
5/27/2024,133.01,0.044,2350.74,128672,0.07,0,2141.25
5/24/2024,132.96,0.044,2333.76,127694,0.07,0,2029.1
5/23/2024,133.162,0.044,2328.37,127593,0.07,0,2029.1
5/22/2024,133.25,0.044,2378.25,130412,0.07,0,2140.02
5/21/2024,133.29,0.044,2421.64,132831,0.07,0,2118.26
5/20/2024,133.397,0.044,2425.12,133129,0.07,0,2119.89
5/17/2024,133.34,0.044,2414.89,132511,0.07,0,2068.91
5/16/2024,133.6,0.044,2376.44,130655,0.07,0,2029.1
5/15/2024,133.6,0.044,2386.04,131183,0.07,0,2048.23
5/14/2024,133.62,0.044,2357.97,129659,0.07,0,2027.51
5/13/2024,133.65,0.044,2336.05,128483,0.07,0,2000.14
5/10/2024,133.6,0.044,2360.14,129759,0.07,0,1981.57
5/9/2024,133.6,0.044,2345.88,128975,0.07,0,1970.35
5/8/2024,133.63,0.044,2308.65,126957,0.07,0,1967.92
5/7/2024,133.61,0.044,2313.79,127220,0.07,0,1970.44
5/6/2024,133.58,0.044,2323.57,127729,0.07,0,1980.22
5/3/2024,133.48,0.044,2301.56,126425,0.07,0,1998.52
5/2/2024,133.55,0.044,2303.29,126586,0.07,0,2025.78
5/1/2024,134.266,0.044,2317.9,128072,0.07,0,2029.1
4/30/2024,133.48,0.0461,2285.57,125546,0.07,0,2016.57
4/29/2024,133.55,0.0461,2334.44,128298,0.07,0,1990.31
4/26/2024,133.34,0.0461,2337.72,128276,0.07,0,1981.31
4/25/2024,133.3,0.0461,2331.78,127912,0.07,0,1974.58
4/24/2024,133.32,0.0461,2315.82,127056,0.07,0,1979.4
4/23/2024,133.35,0.0461,2321.81,127413,0.07,0,2016.57
4/22/2024,133.38,0.0461,2326.29,127687,0.07,0,1992.55
4/19/2024,133.55,0.0461,2390.45,131376,0.07,0,1984.43
4/18/2024,133.66,0.0461,2378.25,130814,0.07,0,1992.37
4/17/2024,133.497,0.0461,2360.81,129696,0.07,0,2016.57
4/16/2024,133.66,0.0461,2382.83,131065,0.07,0,2004.96
4/15/2024,133.52,0.0461,2382.51,130911,0.07,0,2026.83
4/12/2024,133.46,0.0461,2343.43,128705,0.07,0,2031.86
4/11/2024,133.403,0.0461,2373.24,130287,0.07,0,2016.57
4/10/2024,133.1,0.0461,2332.79,127775,0.07,0,2045.2
4/9/2024,132.987,0.0461,2352.58,128750,0.07,0,2045.77
4/8/2024,133.3,0.0461,2338.89,128302,0.07,0,2026.81
4/5/2024,133.27,0.0461,2329.5,127758,0.07,0,2016.57
4/4/2024,133.5,0.0461,2289.43,125777,0.07,0,2011.24
4/3/2024,133.5,0.0461,2299.17,126312,0.07,0,2017.09
4/2/2024,133.42,0.0461,2280.1,125190,0.07,0,2017.82
4/1/2024,133.316,0.0461,2250.36,123460,0.07,0,2019.5
3/29/2024,133.368,0.0482,2162.58,118691,0.07,0,2040.27
3/28/2024,133.44,0.0482,2232.38,122588,0.07,0,2039.13
3/27/2024,133.4,0.0482,2194.02,120445,0.07,0,2053.47
3/26/2024,133.25,0.0482,2178.58,119463,0.07,0,2048.63
3/25/2024,133.39,0.0482,2171.45,119197,0.07,0,2037.6
3/22/2024,133.48,0.0482,2164.15,118877,0.07,0,2068.38
3/21/2024,133.04,0.0482,2180.81,119397,0.07,0,2074.86
3/20/2024,133.05,0.0482,2185.96,119688,0.07,0,2084.46
3/19/2024,132.86,0.0482,2157.23,117946,0.07,0,2091.19
3/18/2024,132.65,0.0482,2159.99,117911,0.07,0,2075.62
3/15/2024,132.6,0.0482,2155.54,117623,0.07,0,2085.31
3/14/2024,132.51,0.0482,2161.01,117842,0.07,0,2110.55
3/13/2024,132.58,0.0482,2174.4,118635,0.07,0,2123.91
3/12/2024,132.43,0.0482,2157.99,117606,0.07,0,2111.21
3/11/2024,132.41,0.0482,2182.47,118922,0.07,0,2061.14
3/8/2024,132.326,0.0482,2177.51,118577,0.07,0,2068.38
3/7/2024,132.46,0.0482,2159.16,117696,0.07,0,2040.67
3/6/2024,132.52,0.0482,2148.29,117157,0.07,0,2036.26
3/5/2024,132.63,0.0482,2127.55,116122,0.07,0,2094.71
3/4/2024,132.62,0.0482,2114.99,115428,0.07,0,2078.0
3/1/2024,132.64,0.0482,2083.39,113721,0.07,0,1975.39
2/29/2024,132.66,0.0501,2043.24,111546,0.07,0,2007.14
2/28/2024,132.68,0.0501,2034.62,111092,0.07,0,2009.4
2/27/2024,132.64,0.0501,2029.64,110787,0.07,0,2007.66
2/26/2024,132.62,0.0501,2030.66,110826,0.07,0,1996.83
2/23/2024,132.7,0.0501,2035.72,111169,0.07,0,2011.64
2/22/2024,132.54,0.0501,2024.11,110401,0.07,0,2030.14
2/21/2024,132.75,0.0501,2024.99,110624,0.07,0,2044.15
2/20/2024,132.74,0.0501,2023.53,110536,0.07,0,2043.31
2/19/2024,132.823,0.0501,2017.63,110283,0.07,0,2061.08
2/16/2024,132.82,0.0501,2013.1,110033,0.07,0,2068.38
2/15/2024,132.87,0.0501,2004.09,109582,0.07,0,2076.84
2/14/2024,132.85,0.0501,1992.39,108926,0.07,0,2081.56
2/13/2024,132.8,0.0501,1992.13,108870,0.07,0,2101.54
2/12/2024,132.8,0.0501,2019.79,110382,0.07,0,2103.56
2/9/2024,132.86,0.0501,2024.16,110671,0.07,0,2108.73
2/8/2024,132.73,0.0501,2033.18,111055,0.07,0,2097.89
2/7/2024,132.75,0.0501,2034.22,111129,0.07,0,2107.51
2/6/2024,132.89,0.0501,2035.46,111314,0.07,0,2086.98
2/5/2024,132.89,0.0501,2024.67,110724,0.07,0,2082.6
2/2/2024,132.67,0.0501,2038.59,111300,0.07,0,2072.79
2/1/2024,132.74,0.0501,2054.89,112249,0.07,0,2103.2
1/31/2024,132.87,0.0526,2037.19,111392,0.07,0,2131.27
1/30/2024,132.97,0.0526,2036.12,111417,0.07,0,2127.94
1/29/2024,133.01,0.0526,2031.75,111211,0.07,0,2114.31
1/26/2024,132.891,0.0526,2018.34,110378,0.07,0,2097.47
1/25/2024,132.98,0.0526,2019.75,110529,0.07,0,2096.7
1/24/2024,133.0,0.0526,2012.59,110154,0.07,0,2119.55
1/23/2024,133.04,0.0526,2028.69,111069,0.07,0,2111.95
1/22/2024,132.967,0.0526,2020.99,110586,0.07,0,2134.24
1/19/2024,132.9,0.0526,2029.09,110974,0.07,0,2165.24
1/18/2024,133.0,0.0526,2022.67,110706,0.07,0,2167.15
1/17/2024,133.02,0.0526,2005.72,109795,0.07,0,2215.29
1/16/2024,132.91,0.0526,2027.59,110900,0.07,0,2178.1
1/15/2024,132.61,0.0526,2054.49,112118,0.07,1,2121.39
1/12/2024,132.68,0.0526,2048.72,111862,0.07,1,2114.31
1/11/2024,132.84,0.0526,2028.09,110869,0.07,1,2106.28
1/10/2024,132.86,0.0526,2023.4,110629,0.07,1,2116.28
1/9/2024,132.98,0.0526,2029.59,111068,0.07,1,2097.93
1/8/2024,133.02,0.0526,2027.84,111005,0.07,1,2059.49
1/5/2024,133.04,0.0526,2045.5,111989,0.07,1,2056.13
1/4/2024,133.17,0.0526,2043.26,111976,0.07,1,2071.97
1/3/2024,133.24,0.0526,2040.78,111899,0.07,1,2058.0
1/2/2024,133.31,0.0526,2058.88,112950,0.07,1,2061.45
1/1/2024,133.18,0.0526,2063.8,113110,0.07,1,2095.46
12/29/2023,133.13,0.0495,2062.59,113001,0.07,1,2006.97
12/28/2023,133.06,0.0495,2064.86,113066,0.07,1,2084.9
12/27/2023,133.35,0.0495,2077.16,113987,0.07,1,2107.74
12/26/2023,133.11,0.0495,2066.6,113204,0.07,1,2006.97
12/25/2023,133.262,0.0495,2054.93,112693,0.07,1,2006.97
12/22/2023,133.02,0.0495,2052.98,112382,0.07,1,2131.63
12/21/2023,133.24,0.0495,2045.49,112157,0.07,1,2154.19
12/20/2023,133.07,0.0495,2029.19,111121,0.07,1,2150.17
12/19/2023,133.09,0.0495,2040.12,111736,0.07,1,2106.48
12/18/2023,132.9,0.0495,2027.0,110859,0.07,1,2070.24
12/15/2023,132.8,0.0495,2018.19,110294,0.07,1,2022.35
12/14/2023,133.33,0.0495,2035.53,111686,0.07,1,1997.07
12/13/2023,133.44,0.0495,2026.39,111276,0.07,1,2016.87
12/12/2023,133.42,0.0495,1979.44,108682,0.07,1,1990.15
12/11/2023,133.43,0.0495,1981.3,108792,0.07,1,1989.53
12/8/2023,133.42,0.0495,2003.39,109997,0.07,1,1959.73
12/7/2023,133.36,0.0495,2028.34,111317,0.07,1,1861.19
12/6/2023,133.32,0.0495,2024.9,111095,0.07,1,1841.59
12/5/2023,133.41,0.0495,2019.42,110869,0.07,1,1857.19
12/4/2023,133.38,0.0495,2029.74,111410,0.07,1,1859.09
12/1/2023,133.26,0.0495,2070.9,113567,0.07,1,1861.62
11/30/2023,133.43,0.0538,2035.75,111782,0.075,1,1876.07
11/29/2023,133.32,0.0538,2044.59,112175,0.075,1,1906.77
11/28/2023,133.33,0.0538,2040.89,111980,0.075,1,1902.17
11/27/2023,133.395,0.0538,2013.64,110539,0.075,1,1926.12
11/24/2023,133.39,0.0538,2001.97,109894,0.075,1,1907.95
11/23/2023,133.35,0.0538,1991.79,109303,0.075,0,1863.93
11/22/2023,133.31,0.0538,1989.72,109156,0.075,0,1850.33
11/21/2023,133.37,0.0538,1998.37,109680,0.075,0,1853.4
11/20/2023,133.34,0.0538,1977.19,108493,0.075,0,1872.64
11/17/2023,133.23,0.0538,1980.01,108558,0.075,0,1876.07
11/16/2023,133.17,0.0538,1980.85,108555,0.075,0,1876.07
11/15/2023,133.03,0.0538,1959.09,107250,0.075,2,1876.07
11/14/2023,133.099,0.0538,1962.67,107502,0.075,2,1876.07
