Date,USD_rate,Inflation_rate,gold_price_USD, gold_price_NPR ,interest_rate,festivals/weeding,nepse_index
11/13/2025,141.87,0.0417,"4,171.46"," 243,541 ",0.06,NaN,2559.01
11/12/2025,141.815,0.0417,"4,198.73"," 245,038 ",0.06,NaN,2569.52
11/11/2025,141.715,0.0417,"4,126.68"," 240,664 ",0.06,NaN,2569.99
11/10/2025,141.925,0.0417,"4,115.90"," 240,391 ",0.06,NaN,2576.85
11/7/2025,141.865,0.0417,"3,999.72"," 233,506 ",0.06,NaN,2599.27
11/6/2025,141.79,0.0417,"3,977.87"," 232,108 ",0.06,NaN,2622.44
11/5/2025,141.855,0.0417,"3,982.62"," 232,492 ",0.06,NaN,2612.53
11/4/2025,141.855,0.0417,"3,932.05"," 229,539 ",0.06,NaN,2627.56
11/3/2025,142.05,0.0417,"4,001.67"," 233,925 ",0.06,NaN,2650.61
10/31/2025,142.03,0.0417,"4,002.28"," 233,928 ",0.06,NaN,2638.12
10/30/2025,141.92,0.0417,"4,024.47"," 235,042 ",0.06,NaN,2605.5
10/29/2025,141.12,0.0417,"3,930.38"," 228,253 ",0.06,NaN,2602.98
10/28/2025,141.23,0.0417,"3,952.58"," 229,721 ",0.06,NaN,2576.41
10/27/2025,141.2,0.0417,"3,981.59"," 231,358 ",0.06,NaN,2509.08
10/24/2025,140.77,0.0417,"4,112.10"," 238,214 ",0.06,NaN,2580.325
10/23/2025,140.77,0.0417,"4,126.17"," 239,029 ",0.06,Tihar,2580.325
10/22/2025,140.77,0.0417,"4,094.07"," 237,170 ",0.06,Tihar,2580.325
10/21/2025,140.77,0.0417,"4,125.10"," 238,967 ",0.06,Tihar,2580.325
10/20/2025,140.77,0.0417,"4,356.50"," 252,372 ",0.06,Tihar,2507.12
10/17/2025,140.77,0.0417,"4,249.98"," 246,202 ",0.06,NaN,2580.325
10/16/2025,140.52,0.0417,"4,326.18"," 250,171 ",0.06,NaN,2522.59
10/15/2025,140.93,0.0417,"4,208.58"," 244,080 ",0.06,NaN,2528.59
10/14/2025,142.085,0.0417,"4,142.31"," 242,206 ",0.06,NaN,2553.57
10/13/2025,141.88,0.0417,"4,110.70"," 240,011 ",0.06,NaN,2547.81
10/10/2025,141.905,0.0417,"4,018.30"," 234,657 ",0.06,NaN,2584.24
10/9/2025,142.06,0.0417,"3,976.29"," 232,458 ",0.06,NaN,2677.09
10/8/2025,142.085,0.0417,"4,038.90"," 236,159 ",0.06,NaN,2610.31
10/7/2025,142.045,0.0417,"3,983.82"," 232,873 ",0.06,NaN,2664.99
10/6/2025,142.055,0.0417,"3,961.09"," 231,561 ",0.06,NaN,2580.325
10/3/2025,142.045,0.0417,"3,886.83"," 227,204 ",0.06,NaN,2580.325
10/2/2025,141.91,0.0417,"3,856.53"," 225,218 ",0.06,NaN,2580.325
10/1/2025,141.91,0.0417,"3,865.80"," 225,760 ",0.06,Dashian,2580.325
9/30/2025,142.07,0.0187,"3,858.51"," 225,588 ",0.06,Dashian,2711.84
9/29/2025,142.025,0.0187,"3,833.93"," 224,080 ",0.06,Dashian,2671.68
9/26/2025,141.955,0.0187,"3,760.24"," 219,665 ",0.06,Dashian,2711.84
9/25/2025,141.87,0.0187,"3,749.37"," 218,898 ",0.06,Dashian,2661.42
9/24/2025,141.91,0.0187,"3,736.29"," 218,196 ",0.06,Dashian,2689.67
9/23/2025,142.015,0.0187,"3,764.19"," 219,988 ",0.06,Dashian,2682.28
9/22/2025,141.3,0.0187,"3,746.47"," 217,850 ",0.06,Dashian,2711.84
9/19/2025,140.95,0.0187,"3,684.98"," 213,744 ",0.06,NaN,2634.55
9/18/2025,141.01,0.0187,"3,644.36"," 211,478 ",0.06,NaN,2637.97
9/17/2025,140.51,0.0187,"3,660.04"," 211,635 ",0.06,NaN,2711.84
9/16/2025,140.89,0.0187,"3,689.80"," 213,932 ",0.06,NaN,2712.84
9/15/2025,141.145,0.0187,"3,679.13"," 213,700 ",0.06,NaN,2713.84
9/12/2025,141.25,0.0187,"3,643.13"," 211,766 ",0.06,NaN,2714.84
9/11/2025,141.515,0.0187,"3,634.09"," 211,637 ",0.06,NaN,2715.84
9/10/2025,140.97,0.0187,"3,640.74"," 211,208 ",0.06,NaN,2716.84
9/9/2025,140.97,0.0187,"3,626.48"," 210,381 ",0.06,NaN,2717.84
9/8/2025,141.23,0.0187,"3,635.84"," 211,313 ",0.06,NaN,2711.84
9/5/2025,141.23,0.0187,"3,586.81"," 208,463 ",0.06,NaN,2727.47
9/4/2025,141.04,0.0187,"3,546.17"," 205,824 ",0.06,NaN,2732.75
9/3/2025,140.92,0.0187,"3,559.43"," 206,418 ",0.06,NaN,2749.88
9/2/2025,141.055,0.0187,"3,533.73"," 205,124 ",0.06,NaN,2791.67
9/1/2025,141.12,0.0187,"3,476.47"," 201,893 ",0.06,NaN,2773.69
8/29/2025,141.12,0.0168,"3,448.00"," 200,239 ",0.06,NaN,2784.56
8/28/2025,140.21,0.0168,"3,417.20"," 197,171 ",0.06,NaN,2824.85
8/27/2025,140.295,0.0168,"3,397.42"," 196,149 ",0.06,NaN,2822.79
8/26/2025,140.295,0.0168,"3,392.88"," 195,886 ",0.06,NaN,2775.09
8/25/2025,140.135,0.0168,"3,366.79"," 194,158 ",0.06,NaN,2764.95
8/22/2025,140.055,0.0168,"3,372.11"," 194,354 ",0.06,NaN,2770.8
8/21/2025,139.64,0.0168,"3,338.81"," 191,865 ",0.06,NaN,2775.34
8/20/2025,139.31,0.0168,"3,347.11"," 191,887 ",0.06,NaN,2783.02
8/19/2025,139.13,0.0168,"3,315.46"," 189,827 ",0.06,NaN,2796.88
8/18/2025,139.77,0.0168,"3,330.55"," 191,568 ",0.06,NaN,2779.68
8/15/2025,140.09,0.0168,"3,335.39"," 192,286 ",0.06,NaN,2803.25
8/14/2025,140.09,0.0168,"3,336.50"," 192,350 ",0.06,NaN,2802.14
8/13/2025,139.91,0.0168,"3,354.73"," 193,152 ",0.06,NaN,2813.59
8/12/2025,140.35,0.0168,"3,346.20"," 193,267 ",0.06,NaN,2828.57
8/11/2025,140.265,0.0168,"3,344.83"," 193,071 ",0.06,NaN,2875.45
8/8/2025,140.265,0.0168,"3,398.78"," 196,185 ",0.06,NaN,2803.25
8/7/2025,140.33,0.0168,"3,397.31"," 196,191 ",0.06,NaN,2861.34
8/6/2025,140.38,0.0168,"3,369.04"," 194,628 ",0.06,NaN,2856.63
8/5/2025,140.49,0.0168,"3,381.27"," 195,487 ",0.06,NaN,2906.24
8/4/2025,140.255,0.0168,"3,373.37"," 194,705 ",0.06,NaN,2890.05
8/1/2025,140.07,0.0168,"3,362.88"," 193,843 ",0.06,NaN,2923.88
7/31/2025,140.16,0.0220,"3,290.32"," 189,782 ",0.06,NaN,2967.03
7/30/2025,139.88,0.0220,"3,275.25"," 188,536 ",0.06,NaN,3020.17
7/29/2025,138.91,0.0220,"3,326.84"," 190,178 ",0.06,NaN,3028.79
7/28/2025,138.67,0.0220,"3,314.64"," 189,153 ",0.06,NaN,2976.92
7/25/2025,138.43,0.0220,"3,337.18"," 190,109 ",0.06,NaN,3013.17
7/24/2025,138.255,0.0220,"3,368.15"," 191,631 ",0.06,NaN,2990.45
7/23/2025,138.26,0.0220,"3,387.78"," 192,755 ",0.06,NaN,2992.26
7/22/2025,138.195,0.0220,"3,431.50"," 195,151 ",0.06,NaN,2975.77
7/21/2025,138.075,0.0220,"3,395.80"," 192,953 ",0.06,NaN,2902.94
7/18/2025,137.845,0.0220,"3,350.40"," 190,056 ",0.06,NaN,2922.84
7/17/2025,137.73,0.0220,"3,338.95"," 189,248 ",0.06,NaN,2878.77
7/16/2025,137.51,0.0220,"3,346.58"," 189,378 ",0.06,NaN,2803.78
7/15/2025,137.305,0.0220,"3,322.63"," 187,742 ",0.06,NaN,2763.27
7/14/2025,137.585,0.0220,"3,343.80"," 189,324 ",0.06,NaN,2765.91
7/11/2025,137.29,0.0220,"3,355.91"," 189,602 ",0.06,NaN,2798.75
7/10/2025,137.025,0.0220,"3,323.07"," 187,384 ",0.06,NaN,2743.09
7/9/2025,137.085,0.0220,"3,313.72"," 186,939 ",0.06,NaN,2707.91
7/8/2025,137.12,0.0220,"3,300.70"," 186,252 ",0.06,NaN,2690.13
7/7/2025,137.37,0.0220,"3,335.61"," 188,565 ",0.06,NaN,2718.1
7/4/2025,136.635,0.0220,"3,336.64"," 187,614 ",0.06,NaN,2721.58
7/3/2025,136.505,0.0220,"3,326.57"," 186,870 ",0.06,NaN,2716.93
7/2/2025,137.13,0.0220,"3,357.36"," 189,463 ",0.06,NaN,2696.13
7/1/2025,136.84,0.0220,"3,339.21"," 188,040 ",0.06,NaN,2663.24
6/30/2025,137.215,0.0272,"3,303.69"," 186,550 ",0.065,NaN,2638.72
6/27/2025,136.77,0.0272,"3,274.25"," 184,288 ",0.065,NaN,2626.21
6/26/2025,137.135,0.0272,"3,328.06"," 187,816 ",0.065,NaN,2617.65
6/25/2025,137.73,0.0272,"3,332.46"," 188,881 ",0.065,NaN,2607.71
6/24/2025,137.57,0.0272,"3,324.20"," 188,193 ",0.065,NaN,2629.26
6/23/2025,138.81,0.0272,"3,368.88"," 192,442 ",0.065,NaN,2608.56
6/20/2025,138.545,0.0272,"3,368.23"," 192,038 ",0.065,NaN,2631.82
6/19/2025,138.765,0.0272,"3,370.75"," 192,486 ",0.065,NaN,2661.33
6/18/2025,138.37,0.0272,"3,369.09"," 191,844 ",0.065,NaN,2662.69
6/17/2025,137.99,0.0272,"3,388.74"," 192,433 ",0.065,NaN,2670.25
6/16/2025,137.71,0.0272,"3,383.20"," 191,729 ",0.065,NaN,2679.74
6/13/2025,137.735,0.0272,"3,432.64"," 194,566 ",0.065,NaN,2667.68
6/12/2025,136.97,0.0272,"3,385.29"," 190,816 ",0.065,NaN,2672.42
6/11/2025,136.825,0.0272,"3,353.84"," 188,843 ",0.065,NaN,2686.45
6/10/2025,136.97,0.0272,"3,323.02"," 187,306 ",0.065,NaN,2683.25
6/9/2025,137,0.0272,"3,328.33"," 187,647 ",0.065,NaN,2657.34
6/6/2025,137.01,0.0272,"3,310.17"," 186,636 ",0.065,NaN,2645.22
6/5/2025,137.27,0.0272,"3,354.16"," 189,476 ",0.065,NaN,2661.77
6/4/2025,137.45,0.0272,"3,376.54"," 190,990 ",0.065,NaN,2664.59
6/3/2025,136.95,0.0272,"3,352.25"," 188,926 ",0.065,NaN,2699.28
6/2/2025,136.62,0.0272,"3,380.21"," 190,043 ",0.065,NaN,2726.6
5/30/2025,136.93,0.0277,"3,289.40"," 185,357 ",0.065,NaN,2696.78
5/29/2025,136.82,0.0277,"3,317.02"," 186,763 ",0.065,NaN,2678.915
5/28/2025,136.585,0.0277,"3,289.76"," 184,910 ",0.065,NaN,2678.915
5/27/2025,136.535,0.0277,"3,300.68"," 185,456 ",0.065,NaN,2684.77
5/26/2025,136.145,0.0277,"3,342.94"," 187,294 ",0.065,NaN,2745.89
5/23/2025,136.35,0.0277,"3,357.42"," 188,389 ",0.065,NaN,2703.78
5/22/2025,137.61,0.0277,"3,295.00"," 186,595 ",0.065,NaN,2705.56
5/21/2025,137.03,0.0277,"3,314.99"," 186,935 ",0.065,NaN,2771.47
5/20/2025,137.025,0.0277,"3,290.12"," 185,526 ",0.065,NaN,2681.58
5/19/2025,136.65,0.0277,"3,229.85"," 181,629 ",0.065,NaN,2639.69
5/16/2025,136.815,0.0277,"3,202.77"," 180,324 ",0.065,NaN,2625.26
5/15/2025,136.89,0.0277,"3,240.87"," 182,569 ",0.065,NaN,2628.67
5/14/2025,136.44,0.0277,"3,178.75"," 178,481 ",0.065,NaN,2642.96
5/13/2025,136.535,0.0277,"3,248.47"," 182,523 ",0.065,NaN,2669.28
5/12/2025,136.6,0.0277,"3,234.70"," 181,835 ",0.065,NaN,2678.915
5/9/2025,136.6,0.0277,"3,324.63"," 186,891 ",0.065,NaN,2692.5
5/8/2025,137.145,0.0277,"3,305.52"," 186,558 ",0.065,NaN,2687.38
5/7/2025,135.73,0.0277,"3,365.21"," 187,967 ",0.065,NaN,2676.25
5/6/2025,135.1,0.0277,"3,430.21"," 190,708 ",0.065,NaN,2625.7
5/5/2025,134.81,0.0277,"3,334.50"," 184,989 ",0.065,NaN,2630.36
5/2/2025,135.335,0.0277,"3,240.88"," 180,496 ",0.065,NaN,2645.67
5/1/2025,135.19,0.0277,"3,241.00"," 180,309 ",0.065,NaN,2678.915
4/30/2025,135.19,0.0339,"3,288.59"," 182,957 ",0.065,NaN,2642.07
4/29/2025,136.43,0.0339,"3,317.18"," 186,240 ",0.065,NaN,2666.54
4/28/2025,136.055,0.0339,"3,341.67"," 187,099 ",0.065,NaN,2676.05
4/25/2025,136.73,0.0339,"3,319.45"," 186,777 ",0.065,NaN,2684.51
4/24/2025,136.425,0.0339,"3,349.10"," 188,025 ",0.065,NaN,2668.06
4/23/2025,136.68,0.0339,"3,288.26"," 184,954 ",0.065,NaN,2687.68
4/22/2025,136.31,0.0339,"3,382.54"," 189,742 ",0.065,NaN,2707.86
4/21/2025,136.2,0.0339,"3,424.30"," 191,930 ",0.065,NaN,2716.7
4/18/2025,136.59,0.0339,"3,236.21"," 181,907 ",0.065,NaN,2731.81
4/17/2025,136.59,0.0339,"3,327.54"," 187,041 ",0.065,NaN,2740.13
4/16/2025,137.08,0.0339,"3,343.22"," 188,596 ",0.065,NaN,2704.97
4/15/2025,137.24,0.0339,"3,227.60"," 182,286 ",0.065,NaN,2704.58
4/14/2025,137.66,0.0339,"3,209.28"," 181,806 ",0.065,NaN,2701.12
4/11/2025,137.66,0.0339,"3,236.21"," 183,332 ",0.065,NaN,2676.7
4/10/2025,138.7,0.0339,"3,173.92"," 181,162 ",0.065,NaN,2687.92
4/9/2025,138.7,0.0339,"3,082.18"," 175,925 ",0.065,NaN,2701.12
4/8/2025,138.02,0.0339,"2,983.78"," 169,474 ",0.065,NaN,2674.88
4/7/2025,137.34,0.0339,"2,982.54"," 168,569 ",0.065,NaN,2710.13
4/4/2025,136.38,0.0339,"3,037.36"," 170,467 ",0.065,NaN,2701.58
4/3/2025,136.69,0.0339,"3,112.83"," 175,100 ",0.065,NaN,2732.85
4/2/2025,136.8,0.0339,"3,133.57"," 176,408 ",0.065,NaN,2712.25
4/1/2025,136.75,0.0339,"3,110.55"," 175,048 ",0.065,NaN,2696.5
3/31/2025,136.75,0.0375,"3,123.05"," 175,752 ",0.065,NaN,2718.95
3/28/2025,136.75,0.0375,"3,084.03"," 173,556 ",0.065,NaN,2736.03
3/27/2025,137.25,0.0375,"3,056.10"," 172,613 ",0.065,NaN,2665.17
3/26/2025,137.13,0.0375,"3,019.29"," 170,385 ",0.065,NaN,2625.6
3/25/2025,137.21,0.0375,"3,019.85"," 170,516 ",0.065,NaN,2652.87
3/24/2025,137.02,0.0375,"3,012.27"," 169,852 ",0.065,NaN,2645.99
3/21/2025,137.56,0.0375,"3,023.63"," 171,165 ",0.065,NaN,2669
3/20/2025,138.19,0.0375,"3,044.41"," 173,130 ",0.065,NaN,2685.87
3/19/2025,138.31,0.0375,"3,047.18"," 173,438 ",0.065,NaN,2706.16
3/18/2025,138.51,0.0375,"3,033.95"," 172,935 ",0.065,NaN,2723.89
3/17/2025,138.88,0.0375,"3,001.47"," 171,541 ",0.065,NaN,2732.51
3/14/2025,139.2,0.0375,"2,984.42"," 170,959 ",0.065,NaN,2739.55
3/13/2025,139.2,0.0375,"2,987.75"," 171,150 ",0.065,NaN,2736.03
3/12/2025,139.53,0.0375,"2,932.06"," 168,358 ",0.065,NaN,2745.58
3/11/2025,139.54,0.0375,"2,916.04"," 167,450 ",0.065,NaN,2762.25
3/10/2025,139.73,0.0375,"2,889.40"," 166,146 ",0.065,NaN,2791.03
3/7/2025,139,0.0375,"2,910.79"," 166,502 ",0.065,NaN,2819.92
3/6/2025,139.38,0.0375,"2,909.99"," 166,911 ",0.065,NaN,2834.07
3/5/2025,139.13,0.0375,"2,918.84"," 167,119 ",0.065,NaN,2850.16
3/4/2025,139.62,0.0375,"2,917.49"," 167,630 ",0.065,NaN,2894.62
3/3/2025,139.79,0.0375,"2,893.71"," 166,466 ",0.065,NaN,2929.21
2/28/2025,139.99,0.0416,"2,858.60"," 164,681 ",0.065,NaN,2890.28
2/27/2025,139.52,0.0416,"2,876.19"," 165,138 ",0.065,NaN,2827.15
2/26/2025,139.54,0.0416,"2,916.19"," 167,459 ",0.065,NaN,2741.575
2/25/2025,139.54,0.0416,"2,915.12"," 167,397 ",0.065,NaN,2781.95
2/24/2025,138.71,0.0416,"2,951.19"," 168,461 ",0.065,NaN,2785.1
2/21/2025,138.74,0.0416,"2,936.03"," 167,632 ",0.065,NaN,2768.9
2/20/2025,138.66,0.0416,"2,938.70"," 167,687 ",0.065,NaN,2752.35
2/19/2025,139.12,0.0416,"2,932.64"," 167,897 ",0.065,NaN,2741.575
2/18/2025,139.12,0.0416,"2,935.58"," 168,065 ",0.065,NaN,2757.3
2/17/2025,139,0.0416,"2,897.66"," 165,751 ",0.065,NaN,2738
2/14/2025,138.92,0.0416,"2,883.18"," 164,828 ",0.065,NaN,2698.31
2/13/2025,139.04,0.0416,"2,929.03"," 167,594 ",0.065,NaN,2697.34
2/12/2025,139.03,0.0416,"2,903.66"," 166,130 ",0.065,NaN,2697.41
2/11/2025,138.92,0.0416,"2,898.34"," 165,694 ",0.065,NaN,2691.91
2/10/2025,139.96,0.0416,"2,907.34"," 167,453 ",0.065,NaN,2699.79
2/7/2025,139.88,0.0416,"2,860.39"," 164,655 ",0.065,NaN,2725.95
2/6/2025,140.12,0.0416,"2,856.50"," 164,713 ",0.065,NaN,2720.48
2/5/2025,139.94,0.0416,"2,865.09"," 164,996 ",0.065,NaN,2726.07
2/4/2025,139.31,0.0416,"2,841.94"," 162,926 ",0.065,NaN,2745.15
2/3/2025,139.5,0.0416,"2,813.49"," 161,515 ",0.065,NaN,2764.17
1/31/2025,138.57,0.0514,"2,801.00"," 159,726 ",0.065,NaN,2727.58
1/30/2025,138.6,0.0514,"2,793.88"," 159,355 ",0.065,NaN,2645.72
1/29/2025,138.46,0.0514,"2,757.71"," 157,133 ",0.065,NaN,2645.72
1/28/2025,138.44,0.0514,"2,763.11"," 157,418 ",0.065,NaN,2657.96
1/27/2025,138.15,0.0514,"2,741.10"," 155,837 ",0.065,NaN,2650.71
1/24/2025,137.93,0.0514,"2,771.30"," 157,303 ",0.065,NaN,2662.36
1/23/2025,138.33,0.0514,"2,753.69"," 156,756 ",0.065,NaN,2681.49
1/22/2025,138.12,0.0514,"2,755.02"," 156,594 ",0.065,NaN,2667.23
1/21/2025,138.52,0.0514,"2,744.39"," 156,442 ",0.065,NaN,2618.99
1/20/2025,138.51,0.0514,"2,708.06"," 154,359 ",0.065,NaN,2623.61
1/17/2025,138.58,0.0514,"2,701.55"," 154,066 ",0.065,NaN,2604.01
1/16/2025,138.48,0.0514,"2,713.77"," 154,651 ",0.065,NaN,2616.97
1/15/2025,138.18,0.0514,"2,695.82"," 153,296 ",0.065,NaN,2611.38
1/14/2025,138.61,0.0514,"2,677.16"," 152,708 ",0.065,Weeding,2615.55
1/13/2025,138.52,0.0514,"2,662.12"," 151,752 ",0.065,Weeding,2654.82
1/10/2025,137.54,0.0514,"2,689.63"," 152,235 ",0.065,Weeding,2645.72
1/9/2025,137.36,0.0514,"2,670.19"," 150,937 ",0.065,Weeding,2656.61
1/8/2025,137.35,0.0514,"2,662.06"," 150,467 ",0.065,Weeding,2672.14
1/7/2025,137.14,0.0514,"2,649.49"," 149,527 ",0.065,Weeding,2656.52
1/6/2025,137.32,0.0514,"2,635.33"," 148,923 ",0.065,Weeding,2640.73
1/3/2025,137.23,0.0514,"2,639.12"," 149,040 ",0.065,Weeding,2592.91
1/2/2025,137.2,0.0514,"2,657.16"," 150,026 ",0.065,Weeding,2586.23
1/1/2025,137.03,0.0514,"2,704.81"," 152,527 ",0.065,Weeding,2589.42
12/31/2024,136.98,0.0605,"2,623.81"," 147,905 ",0.065,Weeding,2613.66
12/30/2024,136.86,0.0605,"2,605.39"," 146,738 ",0.065,Weeding,2641.17
12/27/2024,136.85,0.0605,"2,620.00"," 147,550 ",0.065,Weeding,2684.32
12/26/2024,136.42,0.0605,"2,634.43"," 147,897 ",0.065,Weeding,2639.08
12/25/2024,136.32,0.0605,"2,634.43"," 147,788 ",0.065,Weeding,2641.17
12/24/2024,136.32,0.0605,"2,613.20"," 146,597 ",0.065,Weeding,2645.2
12/23/2024,136.19,0.0605,"2,612.93"," 146,442 ",0.065,Weeding,2612.2
12/20/2024,136.02,0.0605,"2,620.77"," 146,698 ",0.065,Weeding,2614.28
12/19/2024,136.11,0.0605,"2,593.85"," 145,288 ",0.065,Weeding,2634.57
12/18/2024,135.92,0.0605,"2,587.63"," 144,737 ",0.065,Weeding,2656.08
12/17/2024,135.83,0.0605,"2,645.54"," 147,878 ",0.065,Weeding,2648.55
12/16/2024,135.78,0.0605,"2,652.50"," 148,213 ",0.065,Weeding,2684.32
12/13/2024,135.66,0.0605,"2,648.39"," 147,852 ",0.065,Weeding,2641.17
12/12/2024,135.48,0.0605,"2,681.33"," 149,492 ",0.065,Weeding,2730.31
12/11/2024,135.73,0.0605,"2,717.93"," 151,813 ",0.065,Weeding,2715.71
12/10/2024,135.76,0.0605,"2,693.64"," 150,489 ",0.065,Weeding,2694.85
12/9/2024,135.57,0.0605,"2,658.78"," 148,334 ",0.065,Weeding,2709.58
12/6/2024,135.5,0.0605,"2,632.91"," 146,815 ",0.065,Weeding,2735.67
12/5/2024,135.57,0.0605,"2,632.05"," 146,842 ",0.065,Weeding,2764.29
12/4/2024,135.58,0.0605,"2,649.79"," 147,843 ",0.065,Weeding,2795.78
12/3/2024,135.5,0.0605,"2,643.44"," 147,402 ",0.065,Weeding,2793.03
12/2/2024,135.51,0.0605,"2,638.93"," 147,161 ",0.065,Weeding,2773.47
11/29/2024,135.17,0.0560,"2,653.55"," 147,605 ",0.065,Weeding,2764.85
11/28/2024,135.18,0.0560,"2,640.96"," 146,916 ",0.065,Weeding,2774.14
11/27/2024,135.12,0.0560,"2,635.51"," 146,547 ",0.065,Weeding,2755.98
11/26/2024,134.92,0.0560,"2,631.89"," 146,129 ",0.065,Weeding,2719.84
11/25/2024,134.86,0.0560,"2,625.26"," 145,697 ",0.065,NaN,2694.67
11/22/2024,135.11,0.0560,"2,712.55"," 150,820 ",0.065,NaN,2698.76
11/21/2024,135.19,0.0560,"2,669.69"," 148,525 ",0.065,NaN,2722.59
11/20/2024,135.06,0.0560,"2,650.05"," 147,290 ",0.065,NaN,2713.93
11/19/2024,135.06,0.0560,"2,631.68"," 146,269 ",0.065,NaN,2759.54
11/18/2024,135.02,0.0560,"2,612.20"," 145,144 ",0.065,NaN,2788.12
11/15/2024,135.03,0.0560,"2,561.24"," 142,323 ",0.065,NaN,2762.51
11/14/2024,135.03,0.0560,"2,566.19"," 142,598 ",0.065,NaN,2757.38
11/13/2024,135,0.0560,"2,573.78"," 142,988 ",0.065,NaN,2788.35
11/12/2024,135.03,0.0560,"2,597.27"," 144,325 ",0.065,NaN,2782.43
11/11/2024,135.03,0.0560,"2,620.20"," 145,599 ",0.065,NaN,2738.12
11/8/2024,135,0.0560,"2,683.77"," 149,098 ",0.065,NaN,2684.81
11/7/2024,135,0.0560,"2,706.99"," 150,388 ",0.065,NaN,2696.85
11/6/2024,134.85,0.0560,"2,659.24"," 147,571 ",0.065,NaN,2755.98
11/5/2024,134.57,0.0560,"2,743.59"," 151,936 ",0.065,NaN,2755.98
11/4/2024,134.58,0.0560,"2,736.39"," 151,549 ",0.065,NaN,2755.98
11/1/2024,134.52,0.0560,"2,735.16"," 151,413 ",0.065,Tihar,2755.98
10/31/2024,134.52,0.0482,"2,743.80"," 151,891 ",0.065,Tihar,2684.66
10/30/2024,134.53,0.0482,"2,786.19"," 154,249 ",0.065,Tihar,2705.24
10/29/2024,134.52,0.0482,"2,775.13"," 153,626 ",0.065,NaN,2692.11
10/28/2024,134.5,0.0482,"2,741.98"," 151,768 ",0.065,NaN,2647.23
10/25/2024,134.55,0.0482,"2,747.69"," 152,141 ",0.065,NaN,2632.94
10/24/2024,134.52,0.0482,"2,735.70"," 151,443 ",0.065,NaN,2650.18
10/23/2024,134.53,0.0482,"2,717.54"," 150,449 ",0.065,NaN,2684.66
10/22/2024,134.52,0.0482,"2,748.38"," 152,145 ",0.065,NaN,2669.38
10/21/2024,134.52,0.0482,"2,719.65"," 150,554 ",0.065,NaN,2700.82
10/18/2024,134.5,0.0482,"2,720.25"," 150,565 ",0.065,NaN,2748.78
10/17/2024,134.51,0.0482,"2,692.55"," 149,043 ",0.065,NaN,2780.97
10/16/2024,134.39,0.0482,"2,673.24"," 147,842 ",0.065,NaN,2748.8
10/15/2024,134.46,0.0482,"2,660.99"," 147,241 ",0.065,NaN,2700.23
10/14/2024,134.5,0.0482,"2,651.05"," 146,735 ",0.065,NaN,2684.66
10/11/2024,134.5,0.0482,"2,656.00"," 147,009 ",0.065,Dashian,2684.66
10/10/2024,134.35,0.0482,"2,629.48"," 145,379 ",0.065,Dashian,2684.66
10/9/2024,134.34,0.0482,"2,607.77"," 144,168 ",0.065,Dashian,2672.65
10/8/2024,134.34,0.0482,"2,621.94"," 144,951 ",0.065,Dashian,2699.55
10/7/2024,134.36,0.0482,"2,643.58"," 146,169 ",0.065,Dashian,2707.16
10/4/2024,134.36,0.0482,"2,652.25"," 146,649 ",0.065,Dashian,2653.63
10/3/2024,134.35,0.0482,"2,655.90"," 146,840 ",0.065,Dashian,2643.76
10/2/2024,134.334,0.0482,"2,657.75"," 146,924 ",0.065,NaN,2623.56
10/1/2024,134.11,0.0482,"2,662.82"," 146,959 ",0.065,NaN,2508.86
9/30/2024,134.07,0.0386,"2,634.49"," 145,352 ",0.065,NaN,2494.57
9/27/2024,133.92,0.0386,"2,657.97"," 146,484 ",0.065,NaN,2688.26
9/26/2024,133.83,0.0386,"2,670.20"," 147,059 ",0.065,NaN,2541.69
9/25/2024,133.75,0.0386,"2,656.82"," 146,234 ",0.065,NaN,2519.97
9/24/2024,133.87,0.0386,"2,656.70"," 146,359 ",0.065,NaN,2547.47
9/23/2024,133.68,0.0386,"2,628.40"," 144,594 ",0.065,NaN,2608.43
9/20/2024,133.7,0.0386,"2,621.96"," 144,262 ",0.065,NaN,2643.51
9/19/2024,133.89,0.0386,"2,586.48"," 142,512 ",0.065,NaN,2688.26
9/18/2024,134.016,0.0386,"2,558.80"," 141,119 ",0.065,NaN,2606.04
9/17/2024,134,0.0386,"2,569.52"," 141,694 ",0.065,NaN,2688.26
9/16/2024,134.22,0.0386,"2,582.58"," 142,648 ",0.065,NaN,2637.53
9/13/2024,134.22,0.0386,"2,576.50"," 142,312 ",0.065,NaN,2734.58
9/12/2024,134.34,0.0386,"2,558.75"," 141,458 ",0.065,NaN,2688.52
9/11/2024,134.36,0.0386,"2,511.44"," 138,863 ",0.065,NaN,2651.19
9/10/2024,134.36,0.0386,"2,516.12"," 139,122 ",0.065,NaN,2688.26
9/9/2024,134.33,0.0386,"2,505.25"," 138,490 ",0.065,NaN,2706.54
9/6/2024,134.32,0.0386,"2,497.03"," 138,025 ",0.065,NaN,2760.45
9/5/2024,134.37,0.0386,"2,516.32"," 139,143 ",0.065,NaN,2758.92
9/4/2024,134.34,0.0386,"2,494.19"," 137,889 ",0.065,NaN,2860.39
9/3/2024,134.35,0.0386,"2,492.76"," 137,820 ",0.065,NaN,2860.43
9/2/2024,134.27,0.0386,"2,499.29"," 138,099 ",0.065,NaN,2823.7
8/30/2024,134.18,0.0409,"2,503.03"," 138,213 ",0.065,NaN,2781.75
8/29/2024,134.19,0.0409,"2,521.18"," 139,225 ",0.065,NaN,2800.28
8/28/2024,134.32,0.0409,"2,502.25"," 138,314 ",0.065,NaN,2860.89
8/27/2024,134.28,0.0409,"2,524.57"," 139,506 ",0.065,NaN,2902.75
8/26/2024,134.24,0.0409,"2,516.89"," 139,040 ",0.065,NaN,2990.04
8/23/2024,134.22,0.0409,"2,512.07"," 138,753 ",0.065,NaN,2881.855
8/22/2024,134.32,0.0409,"2,483.29"," 137,266 ",0.065,NaN,3018.93
8/21/2024,134.28,0.0409,"2,511.95"," 138,808 ",0.065,NaN,3002.74
8/20/2024,134.07,0.0409,"2,513.74"," 138,690 ",0.065,NaN,3048.15
8/19/2024,134.19,0.0409,"2,503.92"," 138,272 ",0.065,NaN,2881.855
8/16/2024,134.3,0.0409,"2,507.28"," 138,571 ",0.065,NaN,2881.855
8/15/2024,134.783,0.0409,"2,456.10"," 136,231 ",0.065,NaN,3036.64
8/14/2024,134.32,0.0409,"2,447.64"," 135,295 ",0.065,NaN,2959.19
8/13/2024,134.35,0.0409,"2,465.03"," 136,287 ",0.065,NaN,2971.69
8/12/2024,134.36,0.0409,"2,472.25"," 136,696 ",0.065,NaN,2937.4
8/9/2024,134.33,0.0409,"2,430.93"," 134,381 ",0.065,NaN,2860.96
8/8/2024,134.34,0.0409,"2,426.75"," 134,160 ",0.065,NaN,2811.15
8/7/2024,134.33,0.0409,"2,381.53"," 131,651 ",0.065,NaN,2759.67
8/6/2024,134.32,0.0409,"2,389.37"," 132,074 ",0.065,NaN,2815.94
8/5/2024,134.15,0.0409,"2,407.65"," 132,916 ",0.065,NaN,2806.69
8/2/2024,134,0.0409,"2,443.29"," 134,733 ",0.065,NaN,2881.855
8/1/2024,133.95,0.0409,"2,445.42"," 134,800 ",0.065,NaN,2805.57
7/31/2024,133.95,0.0357,"2,448.10"," 134,948 ",0.065,NaN,2791.02
7/30/2024,133.96,0.0357,"2,408.43"," 132,771 ",0.065,NaN,2709.89
7/29/2024,133.96,0.0357,"2,383.54"," 131,399 ",0.065,NaN,2737.68
7/26/2024,133.96,0.0357,"2,385.57"," 131,511 ",0.065,NaN,2708.58
7/25/2024,133.92,0.0357,"2,364.50"," 130,310 ",0.065,NaN,2572.88
7/24/2024,133.95,0.0357,"2,397.59"," 132,163 ",0.065,NaN,2600.41
7/23/2024,133.9,0.0357,"2,409.21"," 132,754 ",0.065,NaN,2563.45
7/22/2024,133.85,0.0357,"2,397.65"," 132,068 ",0.065,NaN,2504.53
7/19/2024,133.86,0.0357,"2,400.79"," 132,251 ",0.065,NaN,2494.71
7/18/2024,133.84,0.0357,"2,444.97"," 134,665 ",0.065,NaN,2459.94
7/17/2024,133.622,0.0357,"2,458.38"," 135,183 ",0.065,NaN,2364.76
7/16/2024,133.73,0.0357,"2,468.57"," 135,853 ",0.065,NaN,2310.84
7/15/2024,133.75,0.0357,"2,422.07"," 133,314 ",0.065,NaN,2287.15
7/12/2024,133.66,0.0357,"2,411.27"," 132,630 ",0.065,NaN,2290.95
7/11/2024,133.7,0.0357,"2,414.78"," 132,863 ",0.065,NaN,2205.15
7/10/2024,133.63,0.0357,"2,371.07"," 130,389 ",0.065,NaN,2176.48
7/9/2024,133.58,0.0357,"2,363.58"," 129,929 ",0.065,NaN,2152.14
7/8/2024,133.59,0.0357,"2,358.80"," 129,676 ",0.065,NaN,2149.17
7/5/2024,133.58,0.0357,"2,391.46"," 131,461 ",0.065,NaN,2146.81
7/4/2024,133.59,0.0357,"2,356.12"," 129,528 ",0.065,NaN,2129.08
7/3/2024,133.65,0.0357,"2,356.06"," 129,583 ",0.065,NaN,2104.22
7/2/2024,133.61,0.0357,"2,329.28"," 128,072 ",0.065,NaN,2162.49
7/1/2024,133.5,0.0357,"2,331.70"," 128,100 ",0.065,NaN,2053.38
6/28/2024,133.41,0.0417,"2,325.71"," 127,684 ",0.065,NaN,2059.28
6/27/2024,133.54,0.0417,"2,327.45"," 127,904 ",0.065,NaN,2059.74
6/26/2024,133.71,0.0417,"2,297.91"," 126,442 ",0.065,NaN,2077.11
6/25/2024,133.49,0.0417,"2,319.01"," 127,393 ",0.065,NaN,2077.22
6/24/2024,133.54,0.0417,"2,332.93"," 128,206 ",0.065,NaN,2079.19
6/21/2024,133.65,0.0417,"2,320.34"," 127,619 ",0.065,NaN,2079.15
6/20/2024,133.84,0.0417,"2,359.63"," 129,964 ",0.065,NaN,2095.13
6/19/2024,133.53,0.0417,"2,327.48"," 127,896 ",0.065,NaN,2086.65
6/18/2024,133.46,0.0417,"2,328.33"," 127,876 ",0.065,NaN,2098.59
6/17/2024,133.622,0.0417,"2,318.87"," 127,511 ",0.065,NaN,2116.03
6/14/2024,133.69,0.0417,"2,332.52"," 128,327 ",0.065,NaN,2090.12
6/13/2024,133.67,0.0417,"2,303.19"," 126,694 ",0.065,NaN,2126.61
6/12/2024,133.67,0.0417,"2,322.55"," 127,759 ",0.065,NaN,2133.73
6/11/2024,133.7,0.0417,"2,316.27"," 127,443 ",0.065,NaN,2115.24
6/10/2024,133.61,0.0417,"2,310.60"," 127,045 ",0.065,NaN,2088.77
6/7/2024,133.4,0.0417,"2,292.71"," 125,863 ",0.065,NaN,2093.71
6/6/2024,133.56,0.0417,"2,375.61"," 130,571 ",0.065,NaN,2088.61
6/5/2024,133.39,0.0417,"2,354.78"," 129,261 ",0.065,NaN,2091.47
6/4/2024,133.65,0.0417,"2,327.68"," 128,022 ",0.065,NaN,2092.28
6/3/2024,133.03,0.0417,"2,350.35"," 128,670 ",0.065,NaN,2095.67
5/31/2024,133.54,0.0440,"2,326.97"," 127,878 ",0.07,NaN,2085.87
5/30/2024,133.31,0.0440,"2,343.00"," 128,537 ",0.07,NaN,2099.87
5/29/2024,133.35,0.0440,"2,338.77"," 128,344 ",0.07,NaN,2152.85
5/28/2024,133.08,0.0440,"2,360.95"," 129,298 ",0.07,NaN,2124.31
5/27/2024,133.01,0.0440,"2,350.74"," 128,672 ",0.07,NaN,2141.25
5/24/2024,132.96,0.0440,"2,333.76"," 127,694 ",0.07,NaN,2029.1
5/23/2024,133.162,0.0440,"2,328.37"," 127,593 ",0.07,NaN,2029.1
5/22/2024,133.25,0.0440,"2,378.25"," 130,412 ",0.07,NaN,2140.02
5/21/2024,133.29,0.0440,"2,421.64"," 132,831 ",0.07,NaN,2118.26
5/20/2024,133.397,0.0440,"2,425.12"," 133,129 ",0.07,NaN,2119.89
5/17/2024,133.34,0.0440,"2,414.89"," 132,511 ",0.07,NaN,2068.91
5/16/2024,133.6,0.0440,"2,376.44"," 130,655 ",0.07,NaN,2029.1
5/15/2024,133.6,0.0440,"2,386.04"," 131,183 ",0.07,NaN,2048.23
5/14/2024,133.62,0.0440,"2,357.97"," 129,659 ",0.07,NaN,2027.51
5/13/2024,133.65,0.0440,"2,336.05"," 128,483 ",0.07,NaN,2000.14
5/10/2024,133.6,0.0440,"2,360.14"," 129,759 ",0.07,NaN,1981.57
5/9/2024,133.6,0.0440,"2,345.88"," 128,975 ",0.07,NaN,1970.35
5/8/2024,133.63,0.0440,"2,308.65"," 126,957 ",0.07,NaN,1967.92
5/7/2024,133.61,0.0440,"2,313.79"," 127,220 ",0.07,NaN,1970.44
5/6/2024,133.58,0.0440,"2,323.57"," 127,729 ",0.07,NaN,1980.22
5/3/2024,133.48,0.0440,"2,301.56"," 126,425 ",0.07,NaN,1998.52
5/2/2024,133.55,0.0440,"2,303.29"," 126,586 ",0.07,NaN,2025.78
5/1/2024,134.266,0.0440,"2,317.90"," 128,072 ",0.07,NaN,2029.1
4/30/2024,133.48,0.0461,"2,285.57"," 125,546 ",0.07,NaN,2016.57
4/29/2024,133.55,0.0461,"2,334.44"," 128,298 ",0.07,NaN,1990.31
4/26/2024,133.34,0.0461,"2,337.72"," 128,276 ",0.07,NaN,1981.31
4/25/2024,133.3,0.0461,"2,331.78"," 127,912 ",0.07,NaN,1974.58
4/24/2024,133.32,0.0461,"2,315.82"," 127,056 ",0.07,NaN,1979.4
4/23/2024,133.35,0.0461,"2,321.81"," 127,413 ",0.07,NaN,2016.57
4/22/2024,133.38,0.0461,"2,326.29"," 127,687 ",0.07,NaN,1992.55
4/19/2024,133.55,0.0461,"2,390.45"," 131,376 ",0.07,NaN,1984.43
4/18/2024,133.66,0.0461,"2,378.25"," 130,814 ",0.07,NaN,1992.37
4/17/2024,133.497,0.0461,"2,360.81"," 129,696 ",0.07,NaN,2016.57
4/16/2024,133.66,0.0461,"2,382.83"," 131,065 ",0.07,NaN,2004.96
4/15/2024,133.52,0.0461,"2,382.51"," 130,911 ",0.07,NaN,2026.83
4/12/2024,133.46,0.0461,"2,343.43"," 128,705 ",0.07,NaN,2031.86
4/11/2024,133.403,0.0461,"2,373.24"," 130,287 ",0.07,NaN,2016.57
4/10/2024,133.1,0.0461,"2,332.79"," 127,775 ",0.07,NaN,2045.2
4/9/2024,132.987,0.0461,"2,352.58"," 128,750 ",0.07,NaN,2045.77
4/8/2024,133.3,0.0461,"2,338.89"," 128,302 ",0.07,NaN,2026.81
4/5/2024,133.27,0.0461,"2,329.50"," 127,758 ",0.07,NaN,2016.57
4/4/2024,133.5,0.0461,"2,289.43"," 125,777 ",0.07,NaN,2011.24
4/3/2024,133.5,0.0461,"2,299.17"," 126,312 ",0.07,NaN,2017.09
4/2/2024,133.42,0.0461,"2,280.10"," 125,190 ",0.07,NaN,2017.82
4/1/2024,133.316,0.0461,"2,250.36"," 123,460 ",0.07,NaN,2019.5
3/29/2024,133.368,0.0482,"2,162.58"," 118,691 ",0.07,NaN,2040.27
3/28/2024,133.44,0.0482,"2,232.38"," 122,588 ",0.07,NaN,2039.13
3/27/2024,133.4,0.0482,"2,194.02"," 120,445 ",0.07,NaN,2053.47
3/26/2024,133.25,0.0482,"2,178.58"," 119,463 ",0.07,NaN,2048.63
3/25/2024,133.39,0.0482,"2,171.45"," 119,197 ",0.07,NaN,2037.6
3/22/2024,133.48,0.0482,"2,164.15"," 118,877 ",0.07,NaN,2068.38
3/21/2024,133.04,0.0482,"2,180.81"," 119,397 ",0.07,NaN,2074.86
3/20/2024,133.05,0.0482,"2,185.96"," 119,688 ",0.07,NaN,2084.46
3/19/2024,132.86,0.0482,"2,157.23"," 117,946 ",0.07,NaN,2091.19
3/18/2024,132.65,0.0482,"2,159.99"," 117,911 ",0.07,NaN,2075.62
3/15/2024,132.6,0.0482,"2,155.54"," 117,623 ",0.07,NaN,2085.31
3/14/2024,132.51,0.0482,"2,161.01"," 117,842 ",0.07,NaN,2110.55
3/13/2024,132.58,0.0482,"2,174.40"," 118,635 ",0.07,NaN,2123.91
3/12/2024,132.43,0.0482,"2,157.99"," 117,606 ",0.07,NaN,2111.21
3/11/2024,132.41,0.0482,"2,182.47"," 118,922 ",0.07,NaN,2061.14
3/8/2024,132.326,0.0482,"2,177.51"," 118,577 ",0.07,NaN,2068.38
3/7/2024,132.46,0.0482,"2,159.16"," 117,696 ",0.07,NaN,2040.67
3/6/2024,132.52,0.0482,"2,148.29"," 117,157 ",0.07,NaN,2036.26
3/5/2024,132.63,0.0482,"2,127.55"," 116,122 ",0.07,NaN,2094.71
3/4/2024,132.62,0.0482,"2,114.99"," 115,428 ",0.07,NaN,2078
3/1/2024,132.64,0.0482,"2,083.39"," 113,721 ",0.07,NaN,1975.39
2/29/2024,132.66,0.0501,"2,043.24"," 111,546 ",0.07,NaN,2007.14
2/28/2024,132.68,0.0501,"2,034.62"," 111,092 ",0.07,NaN,2009.4
2/27/2024,132.64,0.0501,"2,029.64"," 110,787 ",0.07,NaN,2007.66
2/26/2024,132.62,0.0501,"2,030.66"," 110,826 ",0.07,NaN,1996.83
2/23/2024,132.7,0.0501,"2,035.72"," 111,169 ",0.07,NaN,2011.64
2/22/2024,132.54,0.0501,"2,024.11"," 110,401 ",0.07,NaN,2030.14
2/21/2024,132.75,0.0501,"2,024.99"," 110,624 ",0.07,NaN,2044.15
2/20/2024,132.74,0.0501,"2,023.53"," 110,536 ",0.07,NaN,2043.31
2/19/2024,132.823,0.0501,"2,017.63"," 110,283 ",0.07,NaN,2061.08
2/16/2024,132.82,0.0501,"2,013.10"," 110,033 ",0.07,NaN,2068.38
2/15/2024,132.87,0.0501,"2,004.09"," 109,582 ",0.07,NaN,2076.84
2/14/2024,132.85,0.0501,"1,992.39"," 108,926 ",0.07,NaN,2081.56
2/13/2024,132.8,0.0501,"1,992.13"," 108,870 ",0.07,NaN,2101.54
2/12/2024,132.8,0.0501,"2,019.79"," 110,382 ",0.07,NaN,2103.56
2/9/2024,132.86,0.0501,"2,024.16"," 110,671 ",0.07,NaN,2108.73
2/8/2024,132.73,0.0501,"2,033.18"," 111,055 ",0.07,NaN,2097.89
2/7/2024,132.75,0.0501,"2,034.22"," 111,129 ",0.07,NaN,2107.51
2/6/2024,132.89,0.0501,"2,035.46"," 111,314 ",0.07,NaN,2086.98
2/5/2024,132.89,0.0501,"2,024.67"," 110,724 ",0.07,NaN,2082.6
2/2/2024,132.67,0.0501,"2,038.59"," 111,300 ",0.07,NaN,2072.79
2/1/2024,132.74,0.0501,"2,054.89"," 112,249 ",0.07,NaN,2103.2
1/31/2024,132.87,0.0526,"2,037.19"," 111,392 ",0.07,NaN,2131.27
1/30/2024,132.97,0.0526,"2,036.12"," 111,417 ",0.07,NaN,2127.94
1/29/2024,133.01,0.0526,"2,031.75"," 111,211 ",0.07,NaN,2114.31
1/26/2024,132.891,0.0526,"2,018.34"," 110,378 ",0.07,NaN,2097.47
1/25/2024,132.98,0.0526,"2,019.75"," 110,529 ",0.07,NaN,2096.7
1/24/2024,133,0.0526,"2,012.59"," 110,154 ",0.07,NaN,2119.55
1/23/2024,133.04,0.0526,"2,028.69"," 111,069 ",0.07,NaN,2111.95
1/22/2024,132.967,0.0526,"2,020.99"," 110,586 ",0.07,NaN,2134.24
1/19/2024,132.9,0.0526,"2,029.09"," 110,974 ",0.07,NaN,2165.24
1/18/2024,133,0.0526,"2,022.67"," 110,706 ",0.07,NaN,2167.15
1/17/2024,133.02,0.0526,"2,005.72"," 109,795 ",0.07,NaN,2215.29
1/16/2024,132.91,0.0526,"2,027.59"," 110,900 ",0.07,NaN,2178.1
1/15/2024,132.61,0.0526,"2,054.49"," 112,118 ",0.07,Weeding,2121.39
1/12/2024,132.68,0.0526,"2,048.72"," 111,862 ",0.07,Weeding,2114.31
1/11/2024,132.84,0.0526,"2,028.09"," 110,869 ",0.07,Weeding,2106.28
1/10/2024,132.86,0.0526,"2,023.40"," 110,629 ",0.07,Weeding,2116.28
1/9/2024,132.98,0.0526,"2,029.59"," 111,068 ",0.07,Weeding,2097.93
1/8/2024,133.02,0.0526,"2,027.84"," 111,005 ",0.07,Weeding,2059.49
1/5/2024,133.04,0.0526,"2,045.50"," 111,989 ",0.07,Weeding,2056.13
1/4/2024,133.17,0.0526,"2,043.26"," 111,976 ",0.07,Weeding,2071.97
1/3/2024,133.24,0.0526,"2,040.78"," 111,899 ",0.07,Weeding,2058
1/2/2024,133.31,0.0526,"2,058.88"," 112,950 ",0.07,Weeding,2061.45
1/1/2024,133.18,0.0526,"2,063.80"," 113,110 ",0.07,Weeding,2095.46
12/29/2023,133.13,0.0495,"2,062.59"," 113,001 ",0.07,Weeding,2006.97
12/28/2023,133.06,0.0495,"2,064.86"," 113,066 ",0.07,Weeding,2084.9
12/27/2023,133.35,0.0495,"2,077.16"," 113,987 ",0.07,Weeding,2107.74
12/26/2023,133.11,0.0495,"2,066.60"," 113,204 ",0.07,Weeding,2006.97
12/25/2023,133.262,0.0495,"2,054.93"," 112,693 ",0.07,Weeding,2006.97
12/22/2023,133.02,0.0495,"2,052.98"," 112,382 ",0.07,Weeding,2131.63
12/21/2023,133.24,0.0495,"2,045.49"," 112,157 ",0.07,Weeding,2154.19
12/20/2023,133.07,0.0495,"2,029.19"," 111,121 ",0.07,Weeding,2150.17
12/19/2023,133.09,0.0495,"2,040.12"," 111,736 ",0.07,Weeding,2106.48
12/18/2023,132.9,0.0495,"2,027.00"," 110,859 ",0.07,Weeding,2070.24
12/15/2023,132.8,0.0495,"2,018.19"," 110,294 ",0.07,Weeding,2022.35
12/14/2023,133.33,0.0495,"2,035.53"," 111,686 ",0.07,Weeding,1997.07
12/13/2023,133.44,0.0495,"2,026.39"," 111,276 ",0.07,Weeding,2016.87
12/12/2023,133.42,0.0495,"1,979.44"," 108,682 ",0.07,Weeding,1990.15
12/11/2023,133.43,0.0495,"1,981.30"," 108,792 ",0.07,Weeding,1989.53
12/8/2023,133.42,0.0495,"2,003.39"," 109,997 ",0.07,Weeding,1959.73
12/7/2023,133.36,0.0495,"2,028.34"," 111,317 ",0.07,Weeding,1861.19
12/6/2023,133.32,0.0495,"2,024.90"," 111,095 ",0.07,Weeding,1841.59
12/5/2023,133.41,0.0495,"2,019.42"," 110,869 ",0.07,Weeding,1857.19
12/4/2023,133.38,0.0495,"2,029.74"," 111,410 ",0.07,Weeding,1859.09
12/1/2023,133.26,0.0495,"2,070.90"," 113,567 ",0.07,Weeding,1861.62
11/30/2023,133.43,0.0538,"2,035.75"," 111,782 ",0.075,Weeding,1876.07
11/29/2023,133.32,0.0538,"2,044.59"," 112,175 ",0.075,Weeding,1906.77
11/28/2023,133.33,0.0538,"2,040.89"," 111,980 ",0.075,Weeding,1902.17
11/27/2023,133.395,0.0538,"2,013.64"," 110,539 ",0.075,Weeding,1926.12
11/24/2023,133.39,0.0538,"2,001.97"," 109,894 ",0.075,Weeding,1907.95
11/23/2023,133.35,0.0538,"1,991.79"," 109,303 ",0.075,NaN,1863.93
11/22/2023,133.31,0.0538,"1,989.72"," 109,156 ",0.075,NaN,1850.33
11/21/2023,133.37,0.0538,"1,998.37"," 109,680 ",0.075,NaN,1853.4
11/20/2023,133.34,0.0538,"1,977.19"," 108,493 ",0.075,NaN,1872.64
11/17/2023,133.23,0.0538,"1,980.01"," 108,558 ",0.075,NaN,1876.07
11/16/2023,133.17,0.0538,"1,980.85"," 108,555 ",0.075,NaN,1876.07
11/15/2023,133.03,0.0538,"1,959.09"," 107,250 ",0.075,Tihar,1876.07
11/14/2023,133.099,0.0538,"1,962.67"," 107,502 ",0.075,Tihar,1876.07
